name,value,min,max,c_end,r_end
AspMinDepth,3,1,10,1,0.01
AspDelta,6,1,100,4,0.01
AspWidenPct,21,10,200,10,0.01
HistBonusMult,14,1,256,6,0.01
HistBonusMax,1980,64,8192,240,0.01
HistMax,12445,1024,65536,2400,0.01
HistMalusMult,61,1,256,6,0.01
HistMalusMax,682,64,8192,240,0.01
CaptBonusMult,40,1,256,6,0.01
CaptBonusMax,1823,64,8192,240,0.01
CaptMalusMult,28,1,256,6,0.01
CaptMalusMax,1042,64,8192,240,0.01
CaptHistMult,87,0,1024,24,0.01
ContHist4Weight,87,0,512,24,0.01
TtReplaceMargin,3,0,16,1,0.01
TtAgeWeight,5,0,32,2,0.01
CorrWeightMax,14,1,128,3,0.01
CorrLimit,53,10,1000,16,0.01
CorrNonPawnWeight,111,0,512,16,0.01
FiftyScale,128,64,1000,16,0.01
FiftyHashStart,10,0,60,4,0.01
FiftyHashWidth,10,1,40,2,0.01
IirMinDepth,6,2,12,1,0.01
IirReduction,0,0,3,1,0.01
CheckExtSee,72,-500,500,30,0.01
SeMinDepth,8,4,16,1,0.01
SeTtDepthMargin,3,0,8,1,0.01
SeMargin,20,0,256,6,0.01
SeMaxExtensions,6,0,16,1,0.01
SeDoubleMargin,10,0,300,6,0.01
SeMaxDoubles,5,0,32,1,0.01
SeNegative,1,0,3,1,0.01
SeProbeDepthPct,40,25,75,6,0.01
SePlyMult,3,1,4,1,0.01
RfpMaxDepth,8,0,16,1,0.01
RfpMargin,75,10,300,10,0.01
RfpImproving,63,-100,200,10,0.01
RazorMaxDepth,3,0,8,1,0.01
RazorBase,292,0,1000,40,0.01
RazorMult,20,0,1000,10,0.01
NmpMinDepth,5,1,8,1,0.01
NmpBase,2529,0,8192,400,0.01
NmpDepthMult,330,0,1024,50,0.01
NmpEvalMult,429,100,4000,80,0.01
NmpEvalMax,3135,0,8192,400,0.01
ProbCutMinDepth,3,2,12,1,0.01
ProbCutMargin,100,0,500,16,0.01
ProbCutImproving,50,-200,200,10,0.01
ProbCutReduction,3,2,8,1,0.01
ProbCutTtMargin,4,0,8,1,0.01
LmpMaxDepth,9,0,16,1,0.01
LmpBase,323,100,2000,50,0.01
LmpNotImprovingPct,48,10,200,8,0.01
LmpMult,117,10,400,16,0.01
HistPruneMaxDepth,7,0,12,1,0.01
HistPruneMult,1170,0,20000,200,0.01
FpMaxDepth,10,0,16,1,0.01
FpBase,127,0,500,20,0.01
FpMult,117,10,400,16,0.01
SeeMaxDepth,11,0,16,1,0.01
SeeCaptureMargin,80,0,400,14,0.01
SeeQuietMargin,18,0,200,4,0.01
QsSeeThreshold,63,-500,200,20,0.01
SeeCaptHistMult,397,0,8192,200,0.01
QsDeltaMargin,377,100,1000,60,0.01
QsQuietEvasions,0,0,16,1,0.01
LmrMinDepth,2,1,8,1,0.01
LmrMinMoves,3,1,8,1,0.01
LmrBase,127,0,300,16,0.01
LmrMult,452443,150000,1000000,60000,0.01
LmrHistMult,10624,0,65536,1200,0.01
LmrNotImproving,615,-2048,3072,200,0.01
LmrCutNode,644,-2048,3072,200,0.01
LmrPvNode,1306,-2048,3072,200,0.01
LmrKiller,1849,-2048,3072,200,0.01
LmrTtPv,798,-2048,4096,200,0.01
LmrTtCapture,815,-2048,3072,300,0.01
LmrDeeperBase,173,0,400,30,0.01
LmrDeeperMult,8,0,30,2,0.01
LmrShallower,8,0,50,4,0.01
LmrBadCapture,-1326,-2048,3072,300,0.01
PawnHistWeight,108,0,512,24,0.01
PriorCmPct,37,0,400,10,0.01
CorrMarginPct,62,0,300,16,0.01
AlphaTtMinDepth,7,3,16,1,0.01
AlphaTtDepthMargin,3,1,8,1,0.01
AlphaTtMargin,204,0,500,20,0.01
RfpTtPvMargin,69,-100,300,16,0.01
TtPvReplaceBonus,1,-4,8,1,0.01
TtPvInheritDepth,4,1,16,1,0.01
LmrThreatEvade,-750,-2048,4096,300,0.01
LmrThreatIgnore,134,-2048,4096,300,0.01
LmrStaticThreat,707,-2048,4096,300,0.01
LmrParentHist,0,-2048,4096,300,0.01
InitScale,163,0,400,20,0.01
InitClamp,182,50,1000,40,0.01
InitTempo,17,0,60,6,0.01
InitMobility,11,0,48,4,0.01
InitTerritory,6,0,64,6,0.01
InitCoordination,3,0,30,3,0.01
InitPushThreat,10,0,50,5,0.01
InitSafeCheck,19,0,50,5,0.01
InitKingPressure,34,0,128,10,0.01
InitThreatLatent,26,0,96,8,0.01
InitThreatPending,8,0,128,4,0.01
InitThreatDouble,96,0,256,24,0.01
InitEndgamePct,100,0,200,16,0.01
DrawOcbPct,50,0,100,10,0.01
DrawPawnlessPct,50,0,100,10,0.01
DrawPawnlessMargin,400,0,1000,60,0.01
